-- MySQL dump 10.13  Distrib 5.5.43, for debian-linux-gnu (x86_64)
--
-- Host: localhost    Database: accleaner
-- ------------------------------------------------------
-- Server version	5.5.43-0+deb8u1

/*!40101 SET @OLD_CHARACTER_SET_CLIENT=@@CHARACTER_SET_CLIENT */;
/*!40101 SET @OLD_CHARACTER_SET_RESULTS=@@CHARACTER_SET_RESULTS */;
/*!40101 SET @OLD_COLLATION_CONNECTION=@@COLLATION_CONNECTION */;
/*!40101 SET NAMES utf8 */;
/*!40103 SET @OLD_TIME_ZONE=@@TIME_ZONE */;
/*!40103 SET TIME_ZONE='+00:00' */;
/*!40014 SET @OLD_UNIQUE_CHECKS=@@UNIQUE_CHECKS, UNIQUE_CHECKS=0 */;
/*!40014 SET @OLD_FOREIGN_KEY_CHECKS=@@FOREIGN_KEY_CHECKS, FOREIGN_KEY_CHECKS=0 */;
/*!40101 SET @OLD_SQL_MODE=@@SQL_MODE, SQL_MODE='NO_AUTO_VALUE_ON_ZERO' */;
/*!40111 SET @OLD_SQL_NOTES=@@SQL_NOTES, SQL_NOTES=0 */;

--
-- Table structure for table `admin`
--

DROP TABLE IF EXISTS `admin`;
/*!40101 SET @saved_cs_client     = @@character_set_client */;
/*!40101 SET character_set_client = utf8 */;
CREATE TABLE `admin` (
  `id` tinyint(3) unsigned NOT NULL AUTO_INCREMENT,
  `login` varchar(30) NOT NULL,
  `mdp` varchar(30) NOT NULL,
  `name` varchar(50) DEFAULT NULL,
  PRIMARY KEY (`id`)
) ENGINE=InnoDB AUTO_INCREMENT=3 DEFAULT CHARSET=utf8;
/*!40101 SET character_set_client = @saved_cs_client */;

--
-- Dumping data for table `admin`
--

LOCK TABLES `admin` WRITE;
/*!40000 ALTER TABLE `admin` DISABLE KEYS */;
INSERT INTO `admin` VALUES (1,'accleaner','accleaner33','administrateur'),(2,'admin','admin33','ico');
/*!40000 ALTER TABLE `admin` ENABLE KEYS */;
UNLOCK TABLES;

--
-- Table structure for table `contact`
--

DROP TABLE IF EXISTS `contact`;
/*!40101 SET @saved_cs_client     = @@character_set_client */;
/*!40101 SET character_set_client = utf8 */;
CREATE TABLE `contact` (
  `id` int(10) unsigned NOT NULL AUTO_INCREMENT,
  `firstname` varchar(250) DEFAULT NULL,
  `name` varchar(250) DEFAULT NULL,
  `email` varchar(250) DEFAULT NULL,
  `password` varchar(100) NOT NULL,
  `tel` varchar(50) DEFAULT NULL,
  `message` text,
  `newsletter` tinyint(4) NOT NULL DEFAULT '0',
  `fromgoldbook` tinyint(4) NOT NULL DEFAULT '0',
  `fromcontact` tinyint(4) NOT NULL DEFAULT '0',
  `id_facturation` int(11) DEFAULT NULL,
  `id_livraison` int(11) DEFAULT NULL,
  PRIMARY KEY (`id`)
) ENGINE=InnoDB AUTO_INCREMENT=25490 DEFAULT CHARSET=utf8;
/*!40101 SET character_set_client = @saved_cs_client */;

--
-- Dumping data for table `contact`
--

LOCK TABLES `contact` WRITE;
/*!40000 ALTER TABLE `contact` DISABLE KEYS */;
INSERT INTO `contact` VALUES (25451,'','lesca','flesca@free.fr','',NULL,'atelier medecine chinoise décevant',1,1,0,NULL,NULL),(25453,'','Xavier Gonzalez','xavier@gonzalez.pm','reivax',NULL,NULL,1,0,1,NULL,NULL),(25482,'Jav','gonz','jav_gonz@yahoo.fr','',NULL,NULL,1,0,0,NULL,NULL),(25483,'xav','gonza','xavier.gonzalez@free.fr','',NULL,NULL,1,0,0,NULL,NULL),(25484,'x','gg','xavier.gonzalez@laposte.net','',NULL,NULL,1,0,0,NULL,NULL),(25485,'xavi','gonz','xavier@gonzalez.pm','',NULL,NULL,1,0,0,NULL,NULL),(25486,'xavier','gonzalez','fjavi.gonzalez@gmail.com','',NULL,'arreter de m\'embeter',1,0,0,NULL,NULL),(25487,'x','g','xav335@hotmail.com','',NULL,NULL,1,0,0,NULL,NULL),(25489,'Fred','Lesca','fredericlesca@iconeo.fr','',NULL,NULL,1,0,0,NULL,NULL);
/*!40000 ALTER TABLE `contact` ENABLE KEYS */;
UNLOCK TABLES;

--
-- Table structure for table `contact_categorie`
--

DROP TABLE IF EXISTS `contact_categorie`;
/*!40101 SET @saved_cs_client     = @@character_set_client */;
/*!40101 SET character_set_client = utf8 */;
CREATE TABLE `contact_categorie` (
  `id_contact` int(11) unsigned NOT NULL,
  `id_categorie` int(10) unsigned NOT NULL
) ENGINE=InnoDB DEFAULT CHARSET=utf8;
/*!40101 SET character_set_client = @saved_cs_client */;

--
-- Dumping data for table `contact_categorie`
--

LOCK TABLES `contact_categorie` WRITE;
/*!40000 ALTER TABLE `contact_categorie` DISABLE KEYS */;
/*!40000 ALTER TABLE `contact_categorie` ENABLE KEYS */;
UNLOCK TABLES;

--
-- Table structure for table `newsletter`
--

DROP TABLE IF EXISTS `newsletter`;
/*!40101 SET @saved_cs_client     = @@character_set_client */;
/*!40101 SET character_set_client = utf8 */;
CREATE TABLE `newsletter` (
  `id` int(10) unsigned NOT NULL AUTO_INCREMENT,
  `date` datetime DEFAULT NULL,
  `titre` varchar(250) DEFAULT NULL,
  `bas_page` text,
  PRIMARY KEY (`id`)
) ENGINE=InnoDB AUTO_INCREMENT=17 DEFAULT CHARSET=utf8;
/*!40101 SET character_set_client = @saved_cs_client */;

--
-- Dumping data for table `newsletter`
--

LOCK TABLES `newsletter` WRITE;
/*!40000 ALTER TABLE `newsletter` DISABLE KEYS */;
INSERT INTO `newsletter` VALUES (15,'2015-06-19 00:00:00','Votre boutique  en ligne','Le Lorem Ipsum est simplement du faux texte employé dans la composition et la mise en page avant impression. Le Lorem Ipsum est le faux texte standard de l\'imprimerie depuis les années 1500, quand un peintre anonyme assembla ensemble des morceaux de texte pour réaliser un livre spécimen de polices de texte. Il ');
/*!40000 ALTER TABLE `newsletter` ENABLE KEYS */;
UNLOCK TABLES;

--
-- Table structure for table `newsletter_detail`
--

DROP TABLE IF EXISTS `newsletter_detail`;
/*!40101 SET @saved_cs_client     = @@character_set_client */;
/*!40101 SET character_set_client = utf8 */;
CREATE TABLE `newsletter_detail` (
  `id` int(10) unsigned NOT NULL AUTO_INCREMENT,
  `id_newsletter` int(10) unsigned NOT NULL,
  `titre` varchar(250) DEFAULT NULL,
  `url` varchar(250) DEFAULT NULL,
  `link` varchar(250) DEFAULT NULL,
  `texte` text,
  PRIMARY KEY (`id`,`id_newsletter`)
) ENGINE=InnoDB AUTO_INCREMENT=396 DEFAULT CHARSET=utf8;
/*!40101 SET character_set_client = @saved_cs_client */;

--
-- Dumping data for table `newsletter_detail`
--

LOCK TABLES `newsletter_detail` WRITE;
/*!40000 ALTER TABLE `newsletter_detail` DISABLE KEYS */;
INSERT INTO `newsletter_detail` VALUES (394,15,'Iconeo est certifié Microsoft','/Cindy_Crawford_76-15.jpg','http://www.accleaner.eu/','Le Lorem Ipsum est simplement du faux texte employé dans la composition et la mise en page avant impression. Le Lorem Ipsum est le faux texte standard de l\'imprimerie depuis les années 1500, quand un peintre anonyme assembla ensemble des morceaux de texte pour réaliser un livre spécimen de polices de texte. Il '),(395,15,'Apple consultant','/183125433_1290-15.jpg','http://www.accleaner.eu/','Le Lorem Ipsum est simplement du faux texte employé dans la composition et la mise en page avant impression. Le Lorem Ipsum est le faux texte standard de l\'imprimerie depuis les années 1500, quand un peintre anonyme assembla ensemble des morceaux de texte pour réaliser un livre spécimen de polices de texte. Il ');
/*!40000 ALTER TABLE `newsletter_detail` ENABLE KEYS */;
UNLOCK TABLES;

--
-- Table structure for table `newsletter_journal`
--

DROP TABLE IF EXISTS `newsletter_journal`;
/*!40101 SET @saved_cs_client     = @@character_set_client */;
/*!40101 SET character_set_client = utf8 */;
CREATE TABLE `newsletter_journal` (
  `id` int(10) unsigned NOT NULL AUTO_INCREMENT,
  `date_envoi` timestamp NOT NULL DEFAULT CURRENT_TIMESTAMP,
  `id_newsletter` int(10) unsigned NOT NULL,
  PRIMARY KEY (`id`)
) ENGINE=InnoDB AUTO_INCREMENT=5 DEFAULT CHARSET=latin1;
/*!40101 SET character_set_client = @saved_cs_client */;

--
-- Dumping data for table `newsletter_journal`
--

LOCK TABLES `newsletter_journal` WRITE;
/*!40000 ALTER TABLE `newsletter_journal` DISABLE KEYS */;
INSERT INTO `newsletter_journal` VALUES (1,'2015-03-25 15:02:20',12),(2,'2015-03-30 00:15:38',12),(3,'2015-03-30 00:16:13',12),(4,'2015-06-19 18:06:50',15);
/*!40000 ALTER TABLE `newsletter_journal` ENABLE KEYS */;
UNLOCK TABLES;

--
-- Table structure for table `newsletter_journal_detail`
--

DROP TABLE IF EXISTS `newsletter_journal_detail`;
/*!40101 SET @saved_cs_client     = @@character_set_client */;
/*!40101 SET character_set_client = utf8 */;
CREATE TABLE `newsletter_journal_detail` (
  `id_newsletter_journal` int(11) unsigned NOT NULL,
  `email` varchar(50) CHARACTER SET utf8 NOT NULL,
  `read` tinyint(4) NOT NULL DEFAULT '0',
  `coderandom` varchar(20) CHARACTER SET utf8 DEFAULT NULL,
  `error` varchar(250) CHARACTER SET utf8 DEFAULT NULL
) ENGINE=InnoDB DEFAULT CHARSET=latin1;
/*!40101 SET character_set_client = @saved_cs_client */;

--
-- Dumping data for table `newsletter_journal_detail`
--

LOCK TABLES `newsletter_journal_detail` WRITE;
/*!40000 ALTER TABLE `newsletter_journal_detail` DISABLE KEYS */;
INSERT INTO `newsletter_journal_detail` VALUES (3,'jav_gonz@yahoo.fr',0,'fgWhWspjJQSc',''),(3,'xavier.gonzalez@free.fr',0,'CRmH9Krt6wKy',''),(3,'xavier.gonzalez@laposte.net',0,'Rxzr21m659cQ',''),(3,'xavier@gonzalez.pm',0,'oqXX7FXyk84j',''),(3,'fjavi.gonzalez@gmail.com',0,'IjCDDaZkymzn',''),(3,'xav335@hotmail.com',0,'cLi7HjKVxxGt',''),(4,'flesca@free.fr',0,'WL6O6PAdOQtk',''),(4,'xavier@gonzalez.pm',1,'v6TGPGQDwQ41',''),(4,'jav_gonz@yahoo.fr',0,'nJjD1UDKuwnn',''),(4,'xavier.gonzalez@free.fr',1,'bNqNrJVMCEih',''),(4,'xavier.gonzalez@laposte.net',1,'aWIuBCkMbudZ',''),(4,'fjavi.gonzalez@gmail.com',1,'cGyu1LHZoXCD',''),(4,'xav335@hotmail.com',1,'ungWQm3O8A0w',''),(4,'fredericlesca@iconeo.fr',0,'1h92zcPCGdWx','');
/*!40000 ALTER TABLE `newsletter_journal_detail` ENABLE KEYS */;
UNLOCK TABLES;
/*!40103 SET TIME_ZONE=@OLD_TIME_ZONE */;

/*!40101 SET SQL_MODE=@OLD_SQL_MODE */;
/*!40014 SET FOREIGN_KEY_CHECKS=@OLD_FOREIGN_KEY_CHECKS */;
/*!40014 SET UNIQUE_CHECKS=@OLD_UNIQUE_CHECKS */;
/*!40101 SET CHARACTER_SET_CLIENT=@OLD_CHARACTER_SET_CLIENT */;
/*!40101 SET CHARACTER_SET_RESULTS=@OLD_CHARACTER_SET_RESULTS */;
/*!40101 SET COLLATION_CONNECTION=@OLD_COLLATION_CONNECTION */;
/*!40111 SET SQL_NOTES=@OLD_SQL_NOTES */;

-- Dump completed on 2015-06-19 20:14:03
